"threshold,raw_data_min_array",,,,,,,,,,,,,,,,,,,,,,,,,,,,,,,,,,,,,,,
700,700,700,700,700,700,700,700,700,700,700,700,700,700,700,700,700,700,0,0,0,0,0,0,0,0,0,0,0,0,0,0,0,0,0,0,0,0,0,0
700,700,700,700,700,700,700,700,700,700,700,700,700,700,700,700,700,700,0,0,0,0,0,0,0,0,0,0,0,0,0,0,0,0,0,0,0,0,0,0
700,700,700,700,700,700,700,700,700,700,700,700,700,700,700,700,700,700,0,0,0,0,0,0,0,0,0,0,0,0,0,0,0,0,0,0,0,0,0,0
700,700,700,700,700,700,700,700,700,700,700,700,700,700,700,700,700,700,0,0,0,0,0,0,0,0,0,0,0,0,0,0,0,0,0,0,0,0,0,0
700,700,700,700,700,700,700,700,700,700,700,700,700,700,700,700,700,700,0,0,0,0,0,0,0,0,0,0,0,0,0,0,0,0,0,0,0,0,0,0
700,700,700,700,700,700,700,700,700,700,700,700,700,700,700,700,700,700,0,0,0,0,0,0,0,0,0,0,0,0,0,0,0,0,0,0,0,0,0,0
700,700,700,700,700,700,700,700,700,700,700,700,700,700,700,700,700,700,0,0,0,0,0,0,0,0,0,0,0,0,0,0,0,0,0,0,0,0,0,0
700,700,700,700,700,700,700,700,700,700,700,700,700,700,700,700,700,700,0,0,0,0,0,0,0,0,0,0,0,0,0,0,0,0,0,0,0,0,0,0
700,700,700,700,700,700,700,700,700,700,700,700,700,700,700,700,700,700,0,0,0,0,0,0,0,0,0,0,0,0,0,0,0,0,0,0,0,0,0,0
700,700,700,700,700,700,700,700,700,700,700,700,700,700,700,700,700,700,0,0,0,0,0,0,0,0,0,0,0,0,0,0,0,0,0,0,0,0,0,0
700,700,700,700,700,700,700,700,700,700,700,700,700,700,700,700,700,700,0,0,0,0,0,0,0,0,0,0,0,0,0,0,0,0,0,0,0,0,0,0
700,700,700,700,700,700,700,700,700,700,700,700,700,700,700,700,700,700,0,0,0,0,0,0,0,0,0,0,0,0,0,0,0,0,0,0,0,0,0,0
700,700,700,700,700,700,700,700,700,700,700,700,700,700,700,700,700,700,0,0,0,0,0,0,0,0,0,0,0,0,0,0,0,0,0,0,0,0,0,0
700,700,700,700,700,700,700,700,700,700,700,700,700,700,700,700,700,700,0,0,0,0,0,0,0,0,0,0,0,0,0,0,0,0,0,0,0,0,0,0
700,700,700,700,700,700,700,700,700,700,700,700,700,700,700,700,700,700,0,0,0,0,0,0,0,0,0,0,0,0,0,0,0,0,0,0,0,0,0,0
700,700,700,700,700,700,700,700,700,700,700,700,700,700,700,700,700,700,0,0,0,0,0,0,0,0,0,0,0,0,0,0,0,0,0,0,0,0,0,0
700,700,700,700,700,700,700,700,700,700,700,700,700,700,700,700,700,700,0,0,0,0,0,0,0,0,0,0,0,0,0,0,0,0,0,0,0,0,0,0
700,700,700,700,700,700,700,700,700,700,700,700,700,700,700,700,700,700,0,0,0,0,0,0,0,0,0,0,0,0,0,0,0,0,0,0,0,0,0,0
700,700,700,700,700,700,700,700,700,700,700,700,700,700,700,700,700,700,0,0,0,0,0,0,0,0,0,0,0,0,0,0,0,0,0,0,0,0,0,0
700,700,700,700,700,700,700,700,700,700,700,700,700,700,700,700,700,700,0,0,0,0,0,0,0,0,0,0,0,0,0,0,0,0,0,0,0,0,0,0
700,700,700,700,700,700,700,700,700,700,700,700,700,700,700,700,700,700,0,0,0,0,0,0,0,0,0,0,0,0,0,0,0,0,0,0,0,0,0,0
700,700,700,700,700,700,700,700,700,700,700,700,700,700,700,700,700,700,0,0,0,0,0,0,0,0,0,0,0,0,0,0,0,0,0,0,0,0,0,0
700,700,700,700,700,700,700,700,700,700,700,700,700,700,700,700,700,700,0,0,0,0,0,0,0,0,0,0,0,0,0,0,0,0,0,0,0,0,0,0
700,700,700,700,700,700,700,700,700,700,700,700,700,700,700,700,700,700,0,0,0,0,0,0,0,0,0,0,0,0,0,0,0,0,0,0,0,0,0,0
700,700,700,700,700,700,700,700,700,700,700,700,700,700,700,700,700,700,0,0,0,0,0,0,0,0,0,0,0,0,0,0,0,0,0,0,0,0,0,0
700,700,700,700,700,700,700,700,700,700,700,700,700,700,700,700,700,700,0,0,0,0,0,0,0,0,0,0,0,0,0,0,0,0,0,0,0,0,0,0
700,700,700,700,700,700,700,700,700,700,700,700,700,700,700,700,700,700,0,0,0,0,0,0,0,0,0,0,0,0,0,0,0,0,0,0,0,0,0,0
700,700,700,700,700,700,700,700,700,700,700,700,700,700,700,700,700,700,0,0,0,0,0,0,0,0,0,0,0,0,0,0,0,0,0,0,0,0,0,0
700,700,700,700,700,700,700,700,700,700,700,700,700,700,700,700,700,700,0,0,0,0,0,0,0,0,0,0,0,0,0,0,0,0,0,0,0,0,0,0
700,700,700,700,700,700,700,700,700,700,700,700,700,700,700,700,700,700,0,0,0,0,0,0,0,0,0,0,0,0,0,0,0,0,0,0,0,0,0,0
700,700,700,700,700,700,700,700,700,700,700,700,700,700,700,700,700,700,0,0,0,0,0,0,0,0,0,0,0,0,0,0,0,0,0,0,0,0,0,0
700,700,700,700,700,700,700,700,0,0,700,700,700,700,700,700,700,700,0,0,0,0,0,0,0,0,0,0,0,0,0,0,0,0,0,0,0,0,0,0
0,0,0,0,0,0,0,0,0,0,0,0,0,0,0,0,0,0,0,0,0,0,0,0,0,0,0,0,0,0,0,0,0,0,0,0,0,0,0,0
0,0,0,0,0,0,0,0,0,0,0,0,0,0,0,0,0,0,0,0,0,0,0,0,0,0,0,0,0,0,0,0,0,0,0,0,0,0,0,0
0,0,0,0,0,0,0,0,0,0,0,0,0,0,0,0,0,0,0,0,0,0,0,0,0,0,0,0,0,0,0,0,0,0,0,0,0,0,0,0
0,0,0,0,0,0,0,0,0,0,0,0,0,0,0,0,0,0,0,0,0,0,0,0,0,0,0,0,0,0,0,0,0,0,0,0,0,0,0,0
0,0,0,0,0,0,0,0,0,0,0,0,0,0,0,0,0,0,0,0,0,0,0,0,0,0,0,0,0,0,0,0,0,0,0,0,0,0,0,0
0,0,0,0,0,0,0,0,0,0,0,0,0,0,0,0,0,0,0,0,0,0,0,0,0,0,0,0,0,0,0,0,0,0,0,0,0,0,0,0
0,0,0,0,0,0,0,0,0,0,0,0,0,0,0,0,0,0,0,0,0,0,0,0,0,0,0,0,0,0,0,0,0,0,0,0,0,0,0,0
0,0,0,0,0,0,0,0,0,0,0,0,0,0,0,0,0,0,0,0,0,0,0,0,0,0,0,0,0,0,0,0,0,0,0,0,0,0,0,0
"threshold,raw_data_max_array",,,,,,,,,,,,,,,,,,,,,,,,,,,,,,,,,,,,,,,
1300,1300,1300,1300,1300,1300,1300,1300,1300,1300,1300,1300,1300,1300,1300,1300,1300,1300,65535,65535,65535,65535,65535,65535,65535,65535,65535,65535,65535,65535,65535,65535,65535,65535,65535,65535,65535,65535,65535,65535
1300,1300,1300,1300,1300,1300,1300,1300,1300,1300,1300,1300,1300,1300,1300,1300,1300,1300,65535,65535,65535,65535,65535,65535,65535,65535,65535,65535,65535,65535,65535,65535,65535,65535,65535,65535,65535,65535,65535,65535
1300,1300,1300,1300,1300,1300,1300,1300,1300,1300,1300,1300,1300,1300,1300,1300,1300,1300,65535,65535,65535,65535,65535,65535,65535,65535,65535,65535,65535,65535,65535,65535,65535,65535,65535,65535,65535,65535,65535,65535
1300,1300,1300,1300,1300,1300,1300,1300,1300,1300,1300,1300,1300,1300,1300,1300,1300,1300,65535,65535,65535,65535,65535,65535,65535,65535,65535,65535,65535,65535,65535,65535,65535,65535,65535,65535,65535,65535,65535,65535
1300,1300,1300,1300,1300,1300,1300,1300,1300,1300,1300,1300,1300,1300,1300,1300,1300,1300,65535,65535,65535,65535,65535,65535,65535,65535,65535,65535,65535,65535,65535,65535,65535,65535,65535,65535,65535,65535,65535,65535
1300,1300,1300,1300,1300,1300,1300,1300,1300,1300,1300,1300,1300,1300,1300,1300,1300,1300,65535,65535,65535,65535,65535,65535,65535,65535,65535,65535,65535,65535,65535,65535,65535,65535,65535,65535,65535,65535,65535,65535
1300,1300,1300,1300,1300,1300,1300,1300,1300,1300,1300,1300,1300,1300,1300,1300,1300,1300,65535,65535,65535,65535,65535,65535,65535,65535,65535,65535,65535,65535,65535,65535,65535,65535,65535,65535,65535,65535,65535,65535
1300,1300,1300,1300,1300,1300,1300,1300,1300,1300,1300,1300,1300,1300,1300,1300,1300,1300,65535,65535,65535,65535,65535,65535,65535,65535,65535,65535,65535,65535,65535,65535,65535,65535,65535,65535,65535,65535,65535,65535
1300,1300,1300,1300,1300,1300,1300,1300,1300,1300,1300,1300,1300,1300,1300,1300,1300,1300,65535,65535,65535,65535,65535,65535,65535,65535,65535,65535,65535,65535,65535,65535,65535,65535,65535,65535,65535,65535,65535,65535
1300,1300,1300,1300,1300,1300,1300,1300,1300,1300,1300,1300,1300,1300,1300,1300,1300,1300,65535,65535,65535,65535,65535,65535,65535,65535,65535,65535,65535,65535,65535,65535,65535,65535,65535,65535,65535,65535,65535,65535
1300,1300,1300,1300,1300,1300,1300,1300,1300,1300,1300,1300,1300,1300,1300,1300,1300,1300,65535,65535,65535,65535,65535,65535,65535,65535,65535,65535,65535,65535,65535,65535,65535,65535,65535,65535,65535,65535,65535,65535
1300,1300,1300,1300,1300,1300,1300,1300,1300,1300,1300,1300,1300,1300,1300,1300,1300,1300,65535,65535,65535,65535,65535,65535,65535,65535,65535,65535,65535,65535,65535,65535,65535,65535,65535,65535,65535,65535,65535,65535
1300,1300,1300,1300,1300,1300,1300,1300,1300,1300,1300,1300,1300,1300,1300,1300,1300,1300,65535,65535,65535,65535,65535,65535,65535,65535,65535,65535,65535,65535,65535,65535,65535,65535,65535,65535,65535,65535,65535,65535
1300,1300,1300,1300,1300,1300,1300,1300,1300,1300,1300,1300,1300,1300,1300,1300,1300,1300,65535,65535,65535,65535,65535,65535,65535,65535,65535,65535,65535,65535,65535,65535,65535,65535,65535,65535,65535,65535,65535,65535
1300,1300,1300,1300,1300,1300,1300,1300,1300,1300,1300,1300,1300,1300,1300,1300,1300,1300,65535,65535,65535,65535,65535,65535,65535,65535,65535,65535,65535,65535,65535,65535,65535,65535,65535,65535,65535,65535,65535,65535
1300,1300,1300,1300,1300,1300,1300,1300,1300,1300,1300,1300,1300,1300,1300,1300,1300,1300,65535,65535,65535,65535,65535,65535,65535,65535,65535,65535,65535,65535,65535,65535,65535,65535,65535,65535,65535,65535,65535,65535
1300,1300,1300,1300,1300,1300,1300,1300,1300,1300,1300,1300,1300,1300,1300,1300,1300,1300,65535,65535,65535,65535,65535,65535,65535,65535,65535,65535,65535,65535,65535,65535,65535,65535,65535,65535,65535,65535,65535,65535
1300,1300,1300,1300,1300,1300,1300,1300,1300,1300,1300,1300,1300,1300,1300,1300,1300,1300,65535,65535,65535,65535,65535,65535,65535,65535,65535,65535,65535,65535,65535,65535,65535,65535,65535,65535,65535,65535,65535,65535
1300,1300,1300,1300,1300,1300,1300,1300,1300,1300,1300,1300,1300,1300,1300,1300,1300,1300,65535,65535,65535,65535,65535,65535,65535,65535,65535,65535,65535,65535,65535,65535,65535,65535,65535,65535,65535,65535,65535,65535
1300,1300,1300,1300,1300,1300,1300,1300,1300,1300,1300,1300,1300,1300,1300,1300,1300,1300,65535,65535,65535,65535,65535,65535,65535,65535,65535,65535,65535,65535,65535,65535,65535,65535,65535,65535,65535,65535,65535,65535
1300,1300,1300,1300,1300,1300,1300,1300,1300,1300,1300,1300,1300,1300,1300,1300,1300,1300,65535,65535,65535,65535,65535,65535,65535,65535,65535,65535,65535,65535,65535,65535,65535,65535,65535,65535,65535,65535,65535,65535
1300,1300,1300,1300,1300,1300,1300,1300,1300,1300,1300,1300,1300,1300,1300,1300,1300,1300,65535,65535,65535,65535,65535,65535,65535,65535,65535,65535,65535,65535,65535,65535,65535,65535,65535,65535,65535,65535,65535,65535
1300,1300,1300,1300,1300,1300,1300,1300,1300,1300,1300,1300,1300,1300,1300,1300,1300,1300,65535,65535,65535,65535,65535,65535,65535,65535,65535,65535,65535,65535,65535,65535,65535,65535,65535,65535,65535,65535,65535,65535
1300,1300,1300,1300,1300,1300,1300,1300,1300,1300,1300,1300,1300,1300,1300,1300,1300,1300,65535,65535,65535,65535,65535,65535,65535,65535,65535,65535,65535,65535,65535,65535,65535,65535,65535,65535,65535,65535,65535,65535
1300,1300,1300,1300,1300,1300,1300,1300,1300,1300,1300,1300,1300,1300,1300,1300,1300,1300,65535,65535,65535,65535,65535,65535,65535,65535,65535,65535,65535,65535,65535,65535,65535,65535,65535,65535,65535,65535,65535,65535
1300,1300,1300,1300,1300,1300,1300,1300,1300,1300,1300,1300,1300,1300,1300,1300,1300,1300,65535,65535,65535,65535,65535,65535,65535,65535,65535,65535,65535,65535,65535,65535,65535,65535,65535,65535,65535,65535,65535,65535
1300,1300,1300,1300,1300,1300,1300,1300,1300,1300,1300,1300,1300,1300,1300,1300,1300,1300,65535,65535,65535,65535,65535,65535,65535,65535,65535,65535,65535,65535,65535,65535,65535,65535,65535,65535,65535,65535,65535,65535
1300,1300,1300,1300,1300,1300,1300,1300,1300,1300,1300,1300,1300,1300,1300,1300,1300,1300,65535,65535,65535,65535,65535,65535,65535,65535,65535,65535,65535,65535,65535,65535,65535,65535,65535,65535,65535,65535,65535,65535
1300,1300,1300,1300,1300,1300,1300,1300,1300,1300,1300,1300,1300,1300,1300,1300,1300,1300,65535,65535,65535,65535,65535,65535,65535,65535,65535,65535,65535,65535,65535,65535,65535,65535,65535,65535,65535,65535,65535,65535
1300,1300,1300,1300,1300,1300,1300,1300,1300,1300,1300,1300,1300,1300,1300,1300,1300,1300,65535,65535,65535,65535,65535,65535,65535,65535,65535,65535,65535,65535,65535,65535,65535,65535,65535,65535,65535,65535,65535,65535
1300,1300,1300,1300,1300,1300,1300,1300,1300,1300,1300,1300,1300,1300,1300,1300,1300,1300,65535,65535,65535,65535,65535,65535,65535,65535,65535,65535,65535,65535,65535,65535,65535,65535,65535,65535,65535,65535,65535,65535
1300,1300,1300,1300,1300,1300,1300,1300,65535,65535,1300,1300,1300,1300,1300,1300,1300,1300,65535,65535,65535,65535,65535,65535,65535,65535,65535,65535,65535,65535,65535,65535,65535,65535,65535,65535,65535,65535,65535,65535
65535,65535,65535,65535,65535,65535,65535,65535,65535,65535,65535,65535,65535,65535,65535,65535,65535,65535,65535,65535,65535,65535,65535,65535,65535,65535,65535,65535,65535,65535,65535,65535,65535,65535,65535,65535,65535,65535,65535,65535
65535,65535,65535,65535,65535,65535,65535,65535,65535,65535,65535,65535,65535,65535,65535,65535,65535,65535,65535,65535,65535,65535,65535,65535,65535,65535,65535,65535,65535,65535,65535,65535,65535,65535,65535,65535,65535,65535,65535,65535
65535,65535,65535,65535,65535,65535,65535,65535,65535,65535,65535,65535,65535,65535,65535,65535,65535,65535,65535,65535,65535,65535,65535,65535,65535,65535,65535,65535,65535,65535,65535,65535,65535,65535,65535,65535,65535,65535,65535,65535
65535,65535,65535,65535,65535,65535,65535,65535,65535,65535,65535,65535,65535,65535,65535,65535,65535,65535,65535,65535,65535,65535,65535,65535,65535,65535,65535,65535,65535,65535,65535,65535,65535,65535,65535,65535,65535,65535,65535,65535
65535,65535,65535,65535,65535,65535,65535,65535,65535,65535,65535,65535,65535,65535,65535,65535,65535,65535,65535,65535,65535,65535,65535,65535,65535,65535,65535,65535,65535,65535,65535,65535,65535,65535,65535,65535,65535,65535,65535,65535
65535,65535,65535,65535,65535,65535,65535,65535,65535,65535,65535,65535,65535,65535,65535,65535,65535,65535,65535,65535,65535,65535,65535,65535,65535,65535,65535,65535,65535,65535,65535,65535,65535,65535,65535,65535,65535,65535,65535,65535
65535,65535,65535,65535,65535,65535,65535,65535,65535,65535,65535,65535,65535,65535,65535,65535,65535,65535,65535,65535,65535,65535,65535,65535,65535,65535,65535,65535,65535,65535,65535,65535,65535,65535,65535,65535,65535,65535,65535,65535
65535,65535,65535,65535,65535,65535,65535,65535,65535,65535,65535,65535,65535,65535,65535,65535,65535,65535,65535,65535,65535,65535,65535,65535,65535,65535,65535,65535,65535,65535,65535,65535,65535,65535,65535,65535,65535,65535,65535,65535
"threshold,open_short_min_array",,,,,,,,,,,,,,,,,,,,,,,,,,,,,,,,,,,,,,,
-60,-60,-60,-60,-60,-60,-60,-60,-60,-60,-60,-60,-60,-60,-60,-60,-60,-60,-65535,-65535,-65535,-65535,-65535,-65535,-65535,-65535,-65535,-65535,-65535,-65535,-65535,-65535,-65535,-65535,-65535,-65535,-65535,-65535,-65535,-65535
-60,-60,-60,-60,-60,-60,-60,-60,-60,-60,-60,-60,-60,-60,-60,-60,-60,-60,-65535,-65535,-65535,-65535,-65535,-65535,-65535,-65535,-65535,-65535,-65535,-65535,-65535,-65535,-65535,-65535,-65535,-65535,-65535,-65535,-65535,-65535
-60,-60,-60,-60,-60,-60,-60,-60,-60,-60,-60,-60,-60,-60,-60,-60,-60,-60,-65535,-65535,-65535,-65535,-65535,-65535,-65535,-65535,-65535,-65535,-65535,-65535,-65535,-65535,-65535,-65535,-65535,-65535,-65535,-65535,-65535,-65535
-60,-60,-60,-60,-60,-60,-60,-60,-60,-60,-60,-60,-60,-60,-60,-60,-60,-60,-65535,-65535,-65535,-65535,-65535,-65535,-65535,-65535,-65535,-65535,-65535,-65535,-65535,-65535,-65535,-65535,-65535,-65535,-65535,-65535,-65535,-65535
-60,-60,-60,-60,-60,-60,-60,-60,-60,-60,-60,-60,-60,-60,-60,-60,-60,-60,-65535,-65535,-65535,-65535,-65535,-65535,-65535,-65535,-65535,-65535,-65535,-65535,-65535,-65535,-65535,-65535,-65535,-65535,-65535,-65535,-65535,-65535
-60,-60,-60,-60,-60,-60,-60,-60,-60,-60,-60,-60,-60,-60,-60,-60,-60,-60,-65535,-65535,-65535,-65535,-65535,-65535,-65535,-65535,-65535,-65535,-65535,-65535,-65535,-65535,-65535,-65535,-65535,-65535,-65535,-65535,-65535,-65535
-60,-60,-60,-60,-60,-60,-60,-60,-60,-60,-60,-60,-60,-60,-60,-60,-60,-60,-65535,-65535,-65535,-65535,-65535,-65535,-65535,-65535,-65535,-65535,-65535,-65535,-65535,-65535,-65535,-65535,-65535,-65535,-65535,-65535,-65535,-65535
-60,-60,-60,-60,-60,-60,-60,-60,-60,-60,-60,-60,-60,-60,-60,-60,-60,-60,-65535,-65535,-65535,-65535,-65535,-65535,-65535,-65535,-65535,-65535,-65535,-65535,-65535,-65535,-65535,-65535,-65535,-65535,-65535,-65535,-65535,-65535
-60,-60,-60,-60,-60,-60,-60,-60,-60,-60,-60,-60,-60,-60,-60,-60,-60,-60,-65535,-65535,-65535,-65535,-65535,-65535,-65535,-65535,-65535,-65535,-65535,-65535,-65535,-65535,-65535,-65535,-65535,-65535,-65535,-65535,-65535,-65535
-60,-60,-60,-60,-60,-60,-60,-60,-60,-60,-60,-60,-60,-60,-60,-60,-60,-60,-65535,-65535,-65535,-65535,-65535,-65535,-65535,-65535,-65535,-65535,-65535,-65535,-65535,-65535,-65535,-65535,-65535,-65535,-65535,-65535,-65535,-65535
-60,-60,-60,-60,-60,-60,-60,-60,-60,-60,-60,-60,-60,-60,-60,-60,-60,-60,-65535,-65535,-65535,-65535,-65535,-65535,-65535,-65535,-65535,-65535,-65535,-65535,-65535,-65535,-65535,-65535,-65535,-65535,-65535,-65535,-65535,-65535
-60,-60,-60,-60,-60,-60,-60,-60,-60,-60,-60,-60,-60,-60,-60,-60,-60,-60,-65535,-65535,-65535,-65535,-65535,-65535,-65535,-65535,-65535,-65535,-65535,-65535,-65535,-65535,-65535,-65535,-65535,-65535,-65535,-65535,-65535,-65535
-60,-60,-60,-60,-60,-60,-60,-60,-60,-60,-60,-60,-60,-60,-60,-60,-60,-60,-65535,-65535,-65535,-65535,-65535,-65535,-65535,-65535,-65535,-65535,-65535,-65535,-65535,-65535,-65535,-65535,-65535,-65535,-65535,-65535,-65535,-65535
-60,-60,-60,-60,-60,-60,-60,-60,-60,-60,-60,-60,-60,-60,-60,-60,-60,-60,-65535,-65535,-65535,-65535,-65535,-65535,-65535,-65535,-65535,-65535,-65535,-65535,-65535,-65535,-65535,-65535,-65535,-65535,-65535,-65535,-65535,-65535
-60,-60,-60,-60,-60,-60,-60,-60,-60,-60,-60,-60,-60,-60,-60,-60,-60,-60,-65535,-65535,-65535,-65535,-65535,-65535,-65535,-65535,-65535,-65535,-65535,-65535,-65535,-65535,-65535,-65535,-65535,-65535,-65535,-65535,-65535,-65535
-60,-60,-60,-60,-60,-60,-60,-60,-60,-60,-60,-60,-60,-60,-60,-60,-60,-60,-65535,-65535,-65535,-65535,-65535,-65535,-65535,-65535,-65535,-65535,-65535,-65535,-65535,-65535,-65535,-65535,-65535,-65535,-65535,-65535,-65535,-65535
-60,-60,-60,-60,-60,-60,-60,-60,-60,-60,-60,-60,-60,-60,-60,-60,-60,-60,-65535,-65535,-65535,-65535,-65535,-65535,-65535,-65535,-65535,-65535,-65535,-65535,-65535,-65535,-65535,-65535,-65535,-65535,-65535,-65535,-65535,-65535
-60,-60,-60,-60,-60,-60,-60,-60,-60,-60,-60,-60,-60,-60,-60,-60,-60,-60,-65535,-65535,-65535,-65535,-65535,-65535,-65535,-65535,-65535,-65535,-65535,-65535,-65535,-65535,-65535,-65535,-65535,-65535,-65535,-65535,-65535,-65535
-60,-60,-60,-60,-60,-60,-60,-60,-60,-60,-60,-60,-60,-60,-60,-60,-60,-60,-65535,-65535,-65535,-65535,-65535,-65535,-65535,-65535,-65535,-65535,-65535,-65535,-65535,-65535,-65535,-65535,-65535,-65535,-65535,-65535,-65535,-65535
-60,-60,-60,-60,-60,-60,-60,-60,-60,-60,-60,-60,-60,-60,-60,-60,-60,-60,-65535,-65535,-65535,-65535,-65535,-65535,-65535,-65535,-65535,-65535,-65535,-65535,-65535,-65535,-65535,-65535,-65535,-65535,-65535,-65535,-65535,-65535
-60,-60,-60,-60,-60,-60,-60,-60,-60,-60,-60,-60,-60,-60,-60,-60,-60,-60,-65535,-65535,-65535,-65535,-65535,-65535,-65535,-65535,-65535,-65535,-65535,-65535,-65535,-65535,-65535,-65535,-65535,-65535,-65535,-65535,-65535,-65535
-60,-60,-60,-60,-60,-60,-60,-60,-60,-60,-60,-60,-60,-60,-60,-60,-60,-60,-65535,-65535,-65535,-65535,-65535,-65535,-65535,-65535,-65535,-65535,-65535,-65535,-65535,-65535,-65535,-65535,-65535,-65535,-65535,-65535,-65535,-65535
-60,-60,-60,-60,-60,-60,-60,-60,-60,-60,-60,-60,-60,-60,-60,-60,-60,-60,-65535,-65535,-65535,-65535,-65535,-65535,-65535,-65535,-65535,-65535,-65535,-65535,-65535,-65535,-65535,-65535,-65535,-65535,-65535,-65535,-65535,-65535
-60,-60,-60,-60,-60,-60,-60,-60,-60,-60,-60,-60,-60,-60,-60,-60,-60,-60,-65535,-65535,-65535,-65535,-65535,-65535,-65535,-65535,-65535,-65535,-65535,-65535,-65535,-65535,-65535,-65535,-65535,-65535,-65535,-65535,-65535,-65535
-60,-60,-60,-60,-60,-60,-60,-60,-60,-60,-60,-60,-60,-60,-60,-60,-60,-60,-65535,-65535,-65535,-65535,-65535,-65535,-65535,-65535,-65535,-65535,-65535,-65535,-65535,-65535,-65535,-65535,-65535,-65535,-65535,-65535,-65535,-65535
-60,-60,-60,-60,-60,-60,-60,-60,-60,-60,-60,-60,-60,-60,-60,-60,-60,-60,-65535,-65535,-65535,-65535,-65535,-65535,-65535,-65535,-65535,-65535,-65535,-65535,-65535,-65535,-65535,-65535,-65535,-65535,-65535,-65535,-65535,-65535
-60,-60,-60,-60,-60,-60,-60,-60,-60,-60,-60,-60,-60,-60,-60,-60,-60,-60,-65535,-65535,-65535,-65535,-65535,-65535,-65535,-65535,-65535,-65535,-65535,-65535,-65535,-65535,-65535,-65535,-65535,-65535,-65535,-65535,-65535,-65535
-60,-60,-60,-60,-60,-60,-60,-60,-60,-60,-60,-60,-60,-60,-60,-60,-60,-60,-65535,-65535,-65535,-65535,-65535,-65535,-65535,-65535,-65535,-65535,-65535,-65535,-65535,-65535,-65535,-65535,-65535,-65535,-65535,-65535,-65535,-65535
-60,-60,-60,-60,-60,-60,-60,-60,-60,-60,-60,-60,-60,-60,-60,-60,-60,-60,-65535,-65535,-65535,-65535,-65535,-65535,-65535,-65535,-65535,-65535,-65535,-65535,-65535,-65535,-65535,-65535,-65535,-65535,-65535,-65535,-65535,-65535
-60,-60,-60,-60,-60,-60,-60,-60,-60,-60,-60,-60,-60,-60,-60,-60,-60,-60,-65535,-65535,-65535,-65535,-65535,-65535,-65535,-65535,-65535,-65535,-65535,-65535,-65535,-65535,-65535,-65535,-65535,-65535,-65535,-65535,-65535,-65535
-60,-60,-60,-60,-60,-60,-60,-60,-60,-60,-60,-60,-60,-60,-60,-60,-60,-60,-65535,-65535,-65535,-65535,-65535,-65535,-65535,-65535,-65535,-65535,-65535,-65535,-65535,-65535,-65535,-65535,-65535,-65535,-65535,-65535,-65535,-65535
-60,-60,-60,-60,-60,-60,-60,-60,-65535,-65535,-60,-60,-60,-60,-60,-60,-60,-60,-65535,-65535,-65535,-65535,-65535,-65535,-65535,-65535,-65535,-65535,-65535,-65535,-65535,-65535,-65535,-65535,-65535,-65535,-65535,-65535,-65535,-65535
-65535,-65535,-65535,-65535,-65535,-65535,-65535,-65535,-65535,-65535,-65535,-65535,-65535,-65535,-65535,-65535,-65535,-65535,-65535,-65535,-65535,-65535,-65535,-65535,-65535,-65535,-65535,-65535,-65535,-65535,-65535,-65535,-65535,-65535,-65535,-65535,-65535,-65535,-65535,-65535
-65535,-65535,-65535,-65535,-65535,-65535,-65535,-65535,-65535,-65535,-65535,-65535,-65535,-65535,-65535,-65535,-65535,-65535,-65535,-65535,-65535,-65535,-65535,-65535,-65535,-65535,-65535,-65535,-65535,-65535,-65535,-65535,-65535,-65535,-65535,-65535,-65535,-65535,-65535,-65535
-65535,-65535,-65535,-65535,-65535,-65535,-65535,-65535,-65535,-65535,-65535,-65535,-65535,-65535,-65535,-65535,-65535,-65535,-65535,-65535,-65535,-65535,-65535,-65535,-65535,-65535,-65535,-65535,-65535,-65535,-65535,-65535,-65535,-65535,-65535,-65535,-65535,-65535,-65535,-65535
-65535,-65535,-65535,-65535,-65535,-65535,-65535,-65535,-65535,-65535,-65535,-65535,-65535,-65535,-65535,-65535,-65535,-65535,-65535,-65535,-65535,-65535,-65535,-65535,-65535,-65535,-65535,-65535,-65535,-65535,-65535,-65535,-65535,-65535,-65535,-65535,-65535,-65535,-65535,-65535
-65535,-65535,-65535,-65535,-65535,-65535,-65535,-65535,-65535,-65535,-65535,-65535,-65535,-65535,-65535,-65535,-65535,-65535,-65535,-65535,-65535,-65535,-65535,-65535,-65535,-65535,-65535,-65535,-65535,-65535,-65535,-65535,-65535,-65535,-65535,-65535,-65535,-65535,-65535,-65535
-65535,-65535,-65535,-65535,-65535,-65535,-65535,-65535,-65535,-65535,-65535,-65535,-65535,-65535,-65535,-65535,-65535,-65535,-65535,-65535,-65535,-65535,-65535,-65535,-65535,-65535,-65535,-65535,-65535,-65535,-65535,-65535,-65535,-65535,-65535,-65535,-65535,-65535,-65535,-65535
-65535,-65535,-65535,-65535,-65535,-65535,-65535,-65535,-65535,-65535,-65535,-65535,-65535,-65535,-65535,-65535,-65535,-65535,-65535,-65535,-65535,-65535,-65535,-65535,-65535,-65535,-65535,-65535,-65535,-65535,-65535,-65535,-65535,-65535,-65535,-65535,-65535,-65535,-65535,-65535
-65535,-65535,-65535,-65535,-65535,-65535,-65535,-65535,-65535,-65535,-65535,-65535,-65535,-65535,-65535,-65535,-65535,-65535,-65535,-65535,-65535,-65535,-65535,-65535,-65535,-65535,-65535,-65535,-65535,-65535,-65535,-65535,-65535,-65535,-65535,-65535,-65535,-65535,-65535,-65535
"threshold,open_short_max_array",,,,,,,,,,,,,,,,,,,,,,,,,,,,,,,,,,,,,,,
60,60,60,60,60,60,60,60,60,60,60,60,60,60,60,60,60,60,65535,65535,65535,65535,65535,65535,65535,65535,65535,65535,65535,65535,65535,65535,65535,65535,65535,65535,65535,65535,65535,65535
60,60,60,60,60,60,60,60,60,60,60,60,60,60,60,60,60,60,65535,65535,65535,65535,65535,65535,65535,65535,65535,65535,65535,65535,65535,65535,65535,65535,65535,65535,65535,65535,65535,65535
60,60,60,60,60,60,60,60,60,60,60,60,60,60,60,60,60,60,65535,65535,65535,65535,65535,65535,65535,65535,65535,65535,65535,65535,65535,65535,65535,65535,65535,65535,65535,65535,65535,65535
60,60,60,60,60,60,60,60,60,60,60,60,60,60,60,60,60,60,65535,65535,65535,65535,65535,65535,65535,65535,65535,65535,65535,65535,65535,65535,65535,65535,65535,65535,65535,65535,65535,65535
60,60,60,60,60,60,60,60,60,60,60,60,60,60,60,60,60,60,65535,65535,65535,65535,65535,65535,65535,65535,65535,65535,65535,65535,65535,65535,65535,65535,65535,65535,65535,65535,65535,65535
60,60,60,60,60,60,60,60,60,60,60,60,60,60,60,60,60,60,65535,65535,65535,65535,65535,65535,65535,65535,65535,65535,65535,65535,65535,65535,65535,65535,65535,65535,65535,65535,65535,65535
60,60,60,60,60,60,60,60,60,60,60,60,60,60,60,60,60,60,65535,65535,65535,65535,65535,65535,65535,65535,65535,65535,65535,65535,65535,65535,65535,65535,65535,65535,65535,65535,65535,65535
60,60,60,60,60,60,60,60,60,60,60,60,60,60,60,60,60,60,65535,65535,65535,65535,65535,65535,65535,65535,65535,65535,65535,65535,65535,65535,65535,65535,65535,65535,65535,65535,65535,65535
60,60,60,60,60,60,60,60,60,60,60,60,60,60,60,60,60,60,65535,65535,65535,65535,65535,65535,65535,65535,65535,65535,65535,65535,65535,65535,65535,65535,65535,65535,65535,65535,65535,65535
60,60,60,60,60,60,60,60,60,60,60,60,60,60,60,60,60,60,65535,65535,65535,65535,65535,65535,65535,65535,65535,65535,65535,65535,65535,65535,65535,65535,65535,65535,65535,65535,65535,65535
60,60,60,60,60,60,60,60,60,60,60,60,60,60,60,60,60,60,65535,65535,65535,65535,65535,65535,65535,65535,65535,65535,65535,65535,65535,65535,65535,65535,65535,65535,65535,65535,65535,65535
60,60,60,60,60,60,60,60,60,60,60,60,60,60,60,60,60,60,65535,65535,65535,65535,65535,65535,65535,65535,65535,65535,65535,65535,65535,65535,65535,65535,65535,65535,65535,65535,65535,65535
60,60,60,60,60,60,60,60,60,60,60,60,60,60,60,60,60,60,65535,65535,65535,65535,65535,65535,65535,65535,65535,65535,65535,65535,65535,65535,65535,65535,65535,65535,65535,65535,65535,65535
60,60,60,60,60,60,60,60,60,60,60,60,60,60,60,60,60,60,65535,65535,65535,65535,65535,65535,65535,65535,65535,65535,65535,65535,65535,65535,65535,65535,65535,65535,65535,65535,65535,65535
60,60,60,60,60,60,60,60,60,60,60,60,60,60,60,60,60,60,65535,65535,65535,65535,65535,65535,65535,65535,65535,65535,65535,65535,65535,65535,65535,65535,65535,65535,65535,65535,65535,65535
60,60,60,60,60,60,60,60,60,60,60,60,60,60,60,60,60,60,65535,65535,65535,65535,65535,65535,65535,65535,65535,65535,65535,65535,65535,65535,65535,65535,65535,65535,65535,65535,65535,65535
60,60,60,60,60,60,60,60,60,60,60,60,60,60,60,60,60,60,65535,65535,65535,65535,65535,65535,65535,65535,65535,65535,65535,65535,65535,65535,65535,65535,65535,65535,65535,65535,65535,65535
60,60,60,60,60,60,60,60,60,60,60,60,60,60,60,60,60,60,65535,65535,65535,65535,65535,65535,65535,65535,65535,65535,65535,65535,65535,65535,65535,65535,65535,65535,65535,65535,65535,65535
60,60,60,60,60,60,60,60,60,60,60,60,60,60,60,60,60,60,65535,65535,65535,65535,65535,65535,65535,65535,65535,65535,65535,65535,65535,65535,65535,65535,65535,65535,65535,65535,65535,65535
60,60,60,60,60,60,60,60,60,60,60,60,60,60,60,60,60,60,65535,65535,65535,65535,65535,65535,65535,65535,65535,65535,65535,65535,65535,65535,65535,65535,65535,65535,65535,65535,65535,65535
60,60,60,60,60,60,60,60,60,60,60,60,60,60,60,60,60,60,65535,65535,65535,65535,65535,65535,65535,65535,65535,65535,65535,65535,65535,65535,65535,65535,65535,65535,65535,65535,65535,65535
60,60,60,60,60,60,60,60,60,60,60,60,60,60,60,60,60,60,65535,65535,65535,65535,65535,65535,65535,65535,65535,65535,65535,65535,65535,65535,65535,65535,65535,65535,65535,65535,65535,65535
60,60,60,60,60,60,60,60,60,60,60,60,60,60,60,60,60,60,65535,65535,65535,65535,65535,65535,65535,65535,65535,65535,65535,65535,65535,65535,65535,65535,65535,65535,65535,65535,65535,65535
60,60,60,60,60,60,60,60,60,60,60,60,60,60,60,60,60,60,65535,65535,65535,65535,65535,65535,65535,65535,65535,65535,65535,65535,65535,65535,65535,65535,65535,65535,65535,65535,65535,65535
60,60,60,60,60,60,60,60,60,60,60,60,60,60,60,60,60,60,65535,65535,65535,65535,65535,65535,65535,65535,65535,65535,65535,65535,65535,65535,65535,65535,65535,65535,65535,65535,65535,65535
60,60,60,60,60,60,60,60,60,60,60,60,60,60,60,60,60,60,65535,65535,65535,65535,65535,65535,65535,65535,65535,65535,65535,65535,65535,65535,65535,65535,65535,65535,65535,65535,65535,65535
60,60,60,60,60,60,60,60,60,60,60,60,60,60,60,60,60,60,65535,65535,65535,65535,65535,65535,65535,65535,65535,65535,65535,65535,65535,65535,65535,65535,65535,65535,65535,65535,65535,65535
60,60,60,60,60,60,60,60,60,60,60,60,60,60,60,60,60,60,65535,65535,65535,65535,65535,65535,65535,65535,65535,65535,65535,65535,65535,65535,65535,65535,65535,65535,65535,65535,65535,65535
60,60,60,60,60,60,60,60,60,60,60,60,60,60,60,60,60,60,65535,65535,65535,65535,65535,65535,65535,65535,65535,65535,65535,65535,65535,65535,65535,65535,65535,65535,65535,65535,65535,65535
60,60,60,60,60,60,60,60,60,60,60,60,60,60,60,60,60,60,65535,65535,65535,65535,65535,65535,65535,65535,65535,65535,65535,65535,65535,65535,65535,65535,65535,65535,65535,65535,65535,65535
60,60,60,60,60,60,60,60,60,60,60,60,60,60,60,60,60,60,65535,65535,65535,65535,65535,65535,65535,65535,65535,65535,65535,65535,65535,65535,65535,65535,65535,65535,65535,65535,65535,65535
60,60,60,60,60,60,60,60,65535,65535,60,60,60,60,60,60,60,60,65535,65535,65535,65535,65535,65535,65535,65535,65535,65535,65535,65535,65535,65535,65535,65535,65535,65535,65535,65535,65535,65535
65535,65535,65535,65535,65535,65535,65535,65535,65535,65535,65535,65535,65535,65535,65535,65535,65535,65535,65535,65535,65535,65535,65535,65535,65535,65535,65535,65535,65535,65535,65535,65535,65535,65535,65535,65535,65535,65535,65535,65535
65535,65535,65535,65535,65535,65535,65535,65535,65535,65535,65535,65535,65535,65535,65535,65535,65535,65535,65535,65535,65535,65535,65535,65535,65535,65535,65535,65535,65535,65535,65535,65535,65535,65535,65535,65535,65535,65535,65535,65535
65535,65535,65535,65535,65535,65535,65535,65535,65535,65535,65535,65535,65535,65535,65535,65535,65535,65535,65535,65535,65535,65535,65535,65535,65535,65535,65535,65535,65535,65535,65535,65535,65535,65535,65535,65535,65535,65535,65535,65535
65535,65535,65535,65535,65535,65535,65535,65535,65535,65535,65535,65535,65535,65535,65535,65535,65535,65535,65535,65535,65535,65535,65535,65535,65535,65535,65535,65535,65535,65535,65535,65535,65535,65535,65535,65535,65535,65535,65535,65535
65535,65535,65535,65535,65535,65535,65535,65535,65535,65535,65535,65535,65535,65535,65535,65535,65535,65535,65535,65535,65535,65535,65535,65535,65535,65535,65535,65535,65535,65535,65535,65535,65535,65535,65535,65535,65535,65535,65535,65535
65535,65535,65535,65535,65535,65535,65535,65535,65535,65535,65535,65535,65535,65535,65535,65535,65535,65535,65535,65535,65535,65535,65535,65535,65535,65535,65535,65535,65535,65535,65535,65535,65535,65535,65535,65535,65535,65535,65535,65535
65535,65535,65535,65535,65535,65535,65535,65535,65535,65535,65535,65535,65535,65535,65535,65535,65535,65535,65535,65535,65535,65535,65535,65535,65535,65535,65535,65535,65535,65535,65535,65535,65535,65535,65535,65535,65535,65535,65535,65535
65535,65535,65535,65535,65535,65535,65535,65535,65535,65535,65535,65535,65535,65535,65535,65535,65535,65535,65535,65535,65535,65535,65535,65535,65535,65535,65535,65535,65535,65535,65535,65535,65535,65535,65535,65535,65535,65535,65535,65535
"threshold,lcd_noise_max_array",,,,,,,,,,,,,,,,,,,,,,,,,,,,,,,,,,,,,,,
60,60,60,60,60,60,60,60,60,60,60,60,60,60,60,60,60,60,65535,65535,65535,65535,65535,65535,65535,65535,65535,65535,65535,65535,65535,65535,65535,65535,65535,65535,65535,65535,65535,65535
60,60,60,60,60,60,60,60,60,60,60,60,60,60,60,60,60,60,65535,65535,65535,65535,65535,65535,65535,65535,65535,65535,65535,65535,65535,65535,65535,65535,65535,65535,65535,65535,65535,65535
60,60,60,60,60,60,60,60,60,60,60,60,60,60,60,60,60,60,65535,65535,65535,65535,65535,65535,65535,65535,65535,65535,65535,65535,65535,65535,65535,65535,65535,65535,65535,65535,65535,65535
60,60,60,60,60,60,60,60,60,60,60,60,60,60,60,60,60,60,65535,65535,65535,65535,65535,65535,65535,65535,65535,65535,65535,65535,65535,65535,65535,65535,65535,65535,65535,65535,65535,65535
60,60,60,60,60,60,60,60,60,60,60,60,60,60,60,60,60,60,65535,65535,65535,65535,65535,65535,65535,65535,65535,65535,65535,65535,65535,65535,65535,65535,65535,65535,65535,65535,65535,65535
60,60,60,60,60,60,60,60,60,60,60,60,60,60,60,60,60,60,65535,65535,65535,65535,65535,65535,65535,65535,65535,65535,65535,65535,65535,65535,65535,65535,65535,65535,65535,65535,65535,65535
60,60,60,60,60,60,60,60,60,60,60,60,60,60,60,60,60,60,65535,65535,65535,65535,65535,65535,65535,65535,65535,65535,65535,65535,65535,65535,65535,65535,65535,65535,65535,65535,65535,65535
60,60,60,60,60,60,60,60,60,60,60,60,60,60,60,60,60,60,65535,65535,65535,65535,65535,65535,65535,65535,65535,65535,65535,65535,65535,65535,65535,65535,65535,65535,65535,65535,65535,65535
60,60,60,60,60,60,60,60,60,60,60,60,60,60,60,60,60,60,65535,65535,65535,65535,65535,65535,65535,65535,65535,65535,65535,65535,65535,65535,65535,65535,65535,65535,65535,65535,65535,65535
60,60,60,60,60,60,60,60,60,60,60,60,60,60,60,60,60,60,65535,65535,65535,65535,65535,65535,65535,65535,65535,65535,65535,65535,65535,65535,65535,65535,65535,65535,65535,65535,65535,65535
60,60,60,60,60,60,60,60,60,60,60,60,60,60,60,60,60,60,65535,65535,65535,65535,65535,65535,65535,65535,65535,65535,65535,65535,65535,65535,65535,65535,65535,65535,65535,65535,65535,65535
60,60,60,60,60,60,60,60,60,60,60,60,60,60,60,60,60,60,65535,65535,65535,65535,65535,65535,65535,65535,65535,65535,65535,65535,65535,65535,65535,65535,65535,65535,65535,65535,65535,65535
60,60,60,60,60,60,60,60,60,60,60,60,60,60,60,60,60,60,65535,65535,65535,65535,65535,65535,65535,65535,65535,65535,65535,65535,65535,65535,65535,65535,65535,65535,65535,65535,65535,65535
60,60,60,60,60,60,60,60,60,60,60,60,60,60,60,60,60,60,65535,65535,65535,65535,65535,65535,65535,65535,65535,65535,65535,65535,65535,65535,65535,65535,65535,65535,65535,65535,65535,65535
60,60,60,60,60,60,60,60,60,60,60,60,60,60,60,60,60,60,65535,65535,65535,65535,65535,65535,65535,65535,65535,65535,65535,65535,65535,65535,65535,65535,65535,65535,65535,65535,65535,65535
60,60,60,60,60,60,60,60,60,60,60,60,60,60,60,60,60,60,65535,65535,65535,65535,65535,65535,65535,65535,65535,65535,65535,65535,65535,65535,65535,65535,65535,65535,65535,65535,65535,65535
60,60,60,60,60,60,60,60,60,60,60,60,60,60,60,60,60,60,65535,65535,65535,65535,65535,65535,65535,65535,65535,65535,65535,65535,65535,65535,65535,65535,65535,65535,65535,65535,65535,65535
60,60,60,60,60,60,60,60,60,60,60,60,60,60,60,60,60,60,65535,65535,65535,65535,65535,65535,65535,65535,65535,65535,65535,65535,65535,65535,65535,65535,65535,65535,65535,65535,65535,65535
60,60,60,60,60,60,60,60,60,60,60,60,60,60,60,60,60,60,65535,65535,65535,65535,65535,65535,65535,65535,65535,65535,65535,65535,65535,65535,65535,65535,65535,65535,65535,65535,65535,65535
60,60,60,60,60,60,60,60,60,60,60,60,60,60,60,60,60,60,65535,65535,65535,65535,65535,65535,65535,65535,65535,65535,65535,65535,65535,65535,65535,65535,65535,65535,65535,65535,65535,65535
60,60,60,60,60,60,60,60,60,60,60,60,60,60,60,60,60,60,65535,65535,65535,65535,65535,65535,65535,65535,65535,65535,65535,65535,65535,65535,65535,65535,65535,65535,65535,65535,65535,65535
60,60,60,60,60,60,60,60,60,60,60,60,60,60,60,60,60,60,65535,65535,65535,65535,65535,65535,65535,65535,65535,65535,65535,65535,65535,65535,65535,65535,65535,65535,65535,65535,65535,65535
60,60,60,60,60,60,60,60,60,60,60,60,60,60,60,60,60,60,65535,65535,65535,65535,65535,65535,65535,65535,65535,65535,65535,65535,65535,65535,65535,65535,65535,65535,65535,65535,65535,65535
60,60,60,60,60,60,60,60,60,60,60,60,60,60,60,60,60,60,65535,65535,65535,65535,65535,65535,65535,65535,65535,65535,65535,65535,65535,65535,65535,65535,65535,65535,65535,65535,65535,65535
60,60,60,60,60,60,60,60,60,60,60,60,60,60,60,60,60,60,65535,65535,65535,65535,65535,65535,65535,65535,65535,65535,65535,65535,65535,65535,65535,65535,65535,65535,65535,65535,65535,65535
60,60,60,60,60,60,60,60,60,60,60,60,60,60,60,60,60,60,65535,65535,65535,65535,65535,65535,65535,65535,65535,65535,65535,65535,65535,65535,65535,65535,65535,65535,65535,65535,65535,65535
60,60,60,60,60,60,60,60,60,60,60,60,60,60,60,60,60,60,65535,65535,65535,65535,65535,65535,65535,65535,65535,65535,65535,65535,65535,65535,65535,65535,65535,65535,65535,65535,65535,65535
60,60,60,60,60,60,60,60,60,60,60,60,60,60,60,60,60,60,65535,65535,65535,65535,65535,65535,65535,65535,65535,65535,65535,65535,65535,65535,65535,65535,65535,65535,65535,65535,65535,65535
60,60,60,60,60,60,60,60,60,60,60,60,60,60,60,60,60,60,65535,65535,65535,65535,65535,65535,65535,65535,65535,65535,65535,65535,65535,65535,65535,65535,65535,65535,65535,65535,65535,65535
60,60,60,60,60,60,60,60,60,60,60,60,60,60,60,60,60,60,65535,65535,65535,65535,65535,65535,65535,65535,65535,65535,65535,65535,65535,65535,65535,65535,65535,65535,65535,65535,65535,65535
60,60,60,60,60,60,60,60,60,60,60,60,60,60,60,60,60,60,65535,65535,65535,65535,65535,65535,65535,65535,65535,65535,65535,65535,65535,65535,65535,65535,65535,65535,65535,65535,65535,65535
60,60,60,60,60,60,60,60,65535,65535,60,60,60,60,60,60,60,60,65535,65535,65535,65535,65535,65535,65535,65535,65535,65535,65535,65535,65535,65535,65535,65535,65535,65535,65535,65535,65535,65535
65535,65535,65535,65535,65535,65535,65535,65535,65535,65535,65535,65535,65535,65535,65535,65535,65535,65535,65535,65535,65535,65535,65535,65535,65535,65535,65535,65535,65535,65535,65535,65535,65535,65535,65535,65535,65535,65535,65535,65535
65535,65535,65535,65535,65535,65535,65535,65535,65535,65535,65535,65535,65535,65535,65535,65535,65535,65535,65535,65535,65535,65535,65535,65535,65535,65535,65535,65535,65535,65535,65535,65535,65535,65535,65535,65535,65535,65535,65535,65535
65535,65535,65535,65535,65535,65535,65535,65535,65535,65535,65535,65535,65535,65535,65535,65535,65535,65535,65535,65535,65535,65535,65535,65535,65535,65535,65535,65535,65535,65535,65535,65535,65535,65535,65535,65535,65535,65535,65535,65535
65535,65535,65535,65535,65535,65535,65535,65535,65535,65535,65535,65535,65535,65535,65535,65535,65535,65535,65535,65535,65535,65535,65535,65535,65535,65535,65535,65535,65535,65535,65535,65535,65535,65535,65535,65535,65535,65535,65535,65535
65535,65535,65535,65535,65535,65535,65535,65535,65535,65535,65535,65535,65535,65535,65535,65535,65535,65535,65535,65535,65535,65535,65535,65535,65535,65535,65535,65535,65535,65535,65535,65535,65535,65535,65535,65535,65535,65535,65535,65535
65535,65535,65535,65535,65535,65535,65535,65535,65535,65535,65535,65535,65535,65535,65535,65535,65535,65535,65535,65535,65535,65535,65535,65535,65535,65535,65535,65535,65535,65535,65535,65535,65535,65535,65535,65535,65535,65535,65535,65535
65535,65535,65535,65535,65535,65535,65535,65535,65535,65535,65535,65535,65535,65535,65535,65535,65535,65535,65535,65535,65535,65535,65535,65535,65535,65535,65535,65535,65535,65535,65535,65535,65535,65535,65535,65535,65535,65535,65535,65535
65535,65535,65535,65535,65535,65535,65535,65535,65535,65535,65535,65535,65535,65535,65535,65535,65535,65535,65535,65535,65535,65535,65535,65535,65535,65535,65535,65535,65535,65535,65535,65535,65535,65535,65535,65535,65535,65535,65535,65535
